Job ID,Job URL,Job Title,Company Name,Status,Timestamp,WP ID
6c7c842527a6815e,https://ni.linkedin.com/jobs/view/payroll-specialist-ii-at-remitly-4425697835,Payroll Specialist II,Remitly,posted,2026-07-07T02:13:28.019436,20
a9462c8139d652be,https://ni.linkedin.com/jobs/view/janitor-at-concentrix-4425336163,Janitor,Concentrix,posted,2026-07-07T02:13:36.846338,22
efc79c816b74785c,https://ni.linkedin.com/jobs/view/dispatch-associate-at-ibex-4425859201,Dispatch Associate,,scraped,2026-07-07T02:13:39.652285,
d9bd06d4f4d57f11,https://ni.linkedin.com/jobs/view/cos-emergente-at-cbc-4433976550,COS EMERGENTE,cbc,posted,2026-07-07T02:14:00.656803,24
39a04b7df032e26d,https://ni.linkedin.com/jobs/view/recruiter-at-the-a-career-4436433503,Recruiter,,scraped,2026-07-07T02:14:03.281914,
b8fb9bd003c6781c,https://ni.linkedin.com/jobs/view/ejecutivo-pricing-ilg-nic-at-ilg-logistics-s-a-4433997146,Ejecutivo Pricing ILG NIC,,scraped,2026-07-07T02:15:38.703339,
2c16de33e0bc0703,https://ni.linkedin.com/jobs/view/talent-acquisition-manager-at-remitly-4423589069,Talent Acquisition Manager,,scraped,2026-07-07T02:16:49.817658,
b11b0ba5b840713a,https://ni.linkedin.com/jobs/view/loader-unloader-air-at-ups-4435402201,Loader/Unloader - Air,UPS,posted,2026-07-07T02:17:19.043767,26
7f31b00cd4b43175,https://ni.linkedin.com/jobs/view/bookkeeper-at-cs-outsource-4436003730,Bookkeeper,,scraped,2026-07-07T02:17:21.749254,
9434da3ba8dddcb3,https://ni.linkedin.com/jobs/view/analista-de-precios-at-cargill-4433136429,Analista de Precios,Cargill,posted,2026-07-07T02:20:06.872855,28
e56c9e9e33aaebde,https://ni.linkedin.com/jobs/view/%C3%BAnete-a-nuestro-equipo-comercial-at-pedidosya-4331956522,Únete a nuestro equipo comercial,,scraped,2026-07-07T02:20:09.484353,
2ecf6066a9e9a342,https://ni.linkedin.com/jobs/view/coordinador-de-categoria-proteinas-res-y-cerdo-nicaragua-at-walmart-de-m%C3%A9xico-y-centroam%C3%A9rica-4436348904,COORDINADOR DE CATEGORIA PROTEINAS (Res y Cerdo) Nicaragua,,scraped,2026-07-07T02:20:16.171851,
5c8c329a48e51b6d,https://ni.linkedin.com/jobs/view/asesor-de-ventas-at-grupo-q-4437118758,Asesor de Ventas,,scraped,2026-07-07T02:20:23.207468,
ad5e21971a45cfc3,https://ni.linkedin.com/jobs/view/executive-assistant-us-startup-at-scale-up-recruiting-partners-4435769920,Executive Assistant - US StartUp,Scale Up Recruiting Partners,posted,2026-07-07T02:20:40.710958,30
05a0e22d677b3b0f,https://ni.linkedin.com/jobs/view/asesor-de-ventas-at-grupo-q-4437122663,Asesor de Ventas,,scraped,2026-07-07T02:20:43.352154,
db9ce04c7e217ecf,https://ni.linkedin.com/jobs/view/spanish-ai-trainer-remote-at-yo-it-consulting-4435284885,Spanish Ai Trainer - Remote,,scraped,2026-07-07T02:20:50.709921,
bbdb0da149de73f0,https://ni.linkedin.com/jobs/view/asistente-contenido-audiovisual-at-hd-media-nicaragua-4437404949,Asistente Contenido audiovisual,,scraped,2026-07-07T02:22:00.827066,
1ac4cacddd40c987,https://ni.linkedin.com/jobs/view/vice-gerente-de-taller-de-carrocer%C3%ADa-grupo-casa-pellas-at-trascenda-consulting-4437471290,Vice Gerente de Taller de Carrocería - Grupo Casa Pellas,,scraped,2026-07-07T02:22:09.782492,
5933fd3dd6ef1ebd,https://ni.linkedin.com/jobs/view/actualizaci%C3%B3n-de-protocolos-de-atenci%C3%B3n-psicosocial-en-albergues-y-casas-solidarias-protecci%C3%B3n-de-ni%C3%B1os-ni%C3%B1as-y-adolescentes-nicaragua-managua-remoto-12-mesas-%23594102-at-unicef-chad-4431585010,"Actualización de Protocolos de Atención Psicosocial en Albergues y Casas Solidarias, Protección de Niños, Niñas y Adolescentes, Nicaragua, Managua, Remoto, 12 mesas, #594102",Unicef CHAD,posted,2026-07-07T02:22:27.724193,32
7135d07994dae3eb,https://ni.linkedin.com/jobs/view/ejecutivo-de-tarjetas-vip-at-grupo-lafise-4436369641,Ejecutivo de Tarjetas VIP,,scraped,2026-07-07T02:22:30.396031,
4f07e2d68f0e0213,https://ni.linkedin.com/jobs/view/ingeniero-manufactura-senior-at-walmart-centroam%C3%A9rica-4436416734,Ingeniero Manufactura Senior,,scraped,2026-07-07T02:22:53.891945,
041247c69f55b211,https://ni.linkedin.com/jobs/view/virtual-assistant-at-cs-outsource-4436004560,Virtual Assistant,,scraped,2026-07-07T02:23:00.316467,
2f22f45064fdf5fb,https://ni.linkedin.com/jobs/view/human-resources-analyst-at-the-a-career-4436431767,Human Resources Analyst,,scraped,2026-07-07T02:23:20.380607,
5b1d69c2f8b4eb79,https://ni.linkedin.com/jobs/view/auxiliar-mantenimien-at-gildan-4418043000,"Auxiliar, Mantenimien",,scraped,2026-07-07T02:23:38.584110,
821abaee39b89374,https://ni.linkedin.com/jobs/view/website-front-end-specialist-at-sago-4437471922,Website & Front-End Specialist,,scraped,2026-07-07T02:23:45.614859,
efd4476df09ac504,https://ni.linkedin.com/jobs/view/convocatoria-para-expresiones-de-inter%C3%A9s-lista-de-pre-seleccionados-roster-para-consultor%C3%ADas-en-el-%C3%A1rea-de-protecci%C3%B3n-de-la-ni%C3%B1ez-nicaragua-at-unicef-4436791906,"Convocatoria para expresiones de interés: Lista de Pre-seleccionados (Roster) para Consultorías en el área de Protección de la Niñez, Nicaragua",UNICEF,posted,2026-07-07T02:24:18.796771,34
5aae2db0801df7be,https://ni.linkedin.com/jobs/view/productor-creativo-at-grupo-comercial-de-comunicaciones-4437456166,Productor creativo,,scraped,2026-07-07T02:24:21.387232,
32b82f586c8763a4,https://ni.linkedin.com/jobs/view/asistente-contable-nicaragua-at-ey-4434375821,Asistente contable Nicaragua,EY,posted,2026-07-07T02:24:37.424760,36
57426c2e74a266b0,https://ni.linkedin.com/jobs/view/asistente-contable-at-ey-4437464799,Asistente contable,EY,posted,2026-07-07T02:24:47.970826,38
17b198fb0255e1bb,https://ni.linkedin.com/jobs/view/retail-marketing-specialist-at-colgate-palmolive-4417185821,Retail Marketing Specialist,Colgate-Palmolive,posted,2026-07-07T02:25:19.598984,40
d42e31ad036d04ce,https://ni.linkedin.com/jobs/view/desarrollador-a-de-cuentas-costa-caribe-at-holcim-nicaragua-4427053840,Desarrollador/a de cuentas (Costa Caribe),,scraped,2026-07-07T02:25:22.313343,
ab44bdaf51e791f7,https://ni.linkedin.com/jobs/view/oficial-de-cobranza-administrativa-consumo-at-grupo-lafise-4436419698,Oficial de Cobranza Administrativa Consumo,,scraped,2026-07-07T02:25:29.510891,
b4f938c28e110cca,https://ni.linkedin.com/jobs/view/ejecutivo-de-atenci%C3%B3n-al-cliente-jr-seguros-managua-at-grupo-ficohsa-hn-4427110980,Ejecutivo de Atención al Cliente Jr (Seguros) - Managua,Grupo Ficohsa HN,posted,2026-07-07T02:25:55.454775,42
f65d571cef40df91,https://ni.linkedin.com/jobs/view/asociado-de-comunicaci%C3%B3n-y-gesti%C3%B3n-comunitaria-ii-at-compassion-international-4435294652,Asociado de Comunicación y Gestión Comunitaria II,,scraped,2026-07-07T02:25:58.266689,
c64c5f0770f8d24b,https://ni.linkedin.com/jobs/view/asistente-de-calidad-panaderia-at-la-colonia-4437460546,ASISTENTE DE CALIDAD - PANADERIA,,scraped,2026-07-07T02:26:15.413703,
f1a7be93f39fb4a8,https://ni.linkedin.com/jobs/view/sustainable-energy-experts-at-ntu-international-a-s-4437122363,Sustainable Energy Experts,,scraped,2026-07-07T02:26:21.876583,
cb41c14552f48fcd,https://ni.linkedin.com/jobs/view/health-experts-at-ntu-international-a-s-4437188222,Health Experts,,scraped,2026-07-07T02:26:29.183535,
65853f323f2e6138,https://ni.linkedin.com/jobs/view/coordinador-de-exportaciones-y-flota-interna-at-ecom-agroindustrial-corp-ltd-4436241180,Coordinador de Exportaciones y Flota Interna,,scraped,2026-07-07T02:26:36.108140,
74a49db2681c1c7f,https://ni.linkedin.com/jobs/view/legal-client-intake-specialist-client-success-manager-at-bluebook-helpers-4436246399,Legal Client Intake Specialist / Client Success Manager,Bluebook Helpers,posted,2026-07-07T02:26:50.339012,44
3b378078b943f2ca,https://ni.linkedin.com/jobs/view/virtual-medical-receptionist-medical-administrative-assistant-english-spanish-at-staffing-for-doctors-4432794776,Virtual Medical Receptionist Medical Administrative Assistant (English&Spanish),Staffing For Doctors,posted,2026-07-07T02:27:01.740991,46
6881fd88cfde1f1a,https://ni.linkedin.com/jobs/view/sales-executive-at-pedidosya-4416176654,Sales Executive,,scraped,2026-07-07T02:27:04.360761,
a62292d139c11e0c,https://ni.linkedin.com/jobs/view/paralegal-assistant-personal-injury-at-oremota-4437482746,Paralegal Assistant Personal Injury,Oremota,posted,2026-07-07T02:27:21.087284,48
7b033e03a9d73b59,https://ni.linkedin.com/jobs/view/pr%C3%A1cticas-profesionales-en-gildan-at-gildan-4427914283,Prácticas Profesionales en Gildan,,scraped,2026-07-07T02:27:23.641012,
0e4c924a456d7239,https://ni.linkedin.com/jobs/view/virtual-medical-receptionist-medical-administrative-assistant-bilingual-at-staffing-for-doctors-4432795669,Virtual Medical Receptionist / Medical Administrative Assistant (Bilingual),,scraped,2026-07-07T02:27:30.729319,
93790a5446ef6f46,https://ni.linkedin.com/jobs/view/jefe-de-mantenimiento-at-alpla-group-4436178221,Jefe de Mantenimiento,,scraped,2026-07-07T02:27:42.782734,
807cf08c2199f8ce,https://ni.linkedin.com/jobs/view/dental-admin-assistant-bil-at-medvirtual-4327664586,Dental Admin Assistant (BIL),,scraped,2026-07-07T02:27:49.980334,
c4c57cfafecbd716,https://ni.linkedin.com/jobs/view/global-governance-and-security-experts-at-ntu-international-a-s-4437411130,Global Governance and Security Experts,,scraped,2026-07-07T02:28:03.077412,
fe803700b25de126,https://ni.linkedin.com/jobs/view/marketing-specialist-at-cs-outsource-4436239825,Marketing Specialist,,scraped,2026-07-07T02:28:10.197159,
f2a412ecfac8db74,https://ni.linkedin.com/jobs/view/litigation-paralegal-at-staffscout-4435400982,Litigation Paralegal,,scraped,2026-07-07T02:28:18.367499,
b8d860d85cc504bd,https://ni.linkedin.com/jobs/view/loader-unloader-air-at-ups-4435281958,Loader/Unloader - Air,UPS,scraped,2026-07-07T02:28:52.705163,
8f7ae43e249c3856,https://ni.linkedin.com/jobs/view/especialista-s%C3%AAnior-de-sucesso-do-cliente-at-confidential-4436130292,Especialista Sênior de Sucesso do Cliente,Confidential,posted,2026-07-07T02:29:04.544418,50
db7e5a0cc0fdaa75,https://ni.linkedin.com/jobs/view/critical-raw-materials-experts-at-ntu-international-a-s-4437121447,Critical Raw Materials Experts,,scraped,2026-07-07T02:29:07.126491,
220bf93ec4cfa254,https://ni.linkedin.com/jobs/view/asistencia-a-ventas-at-retired-4437488302,Asistencia a ventas,,scraped,2026-07-07T02:29:14.273338,
d48cc6caa095dbe3,https://ni.linkedin.com/jobs/view/mgr-facility-operations-at-the-church-of-jesus-christ-of-latter-day-saints-4435216551,"Mgr, Facility Operations",The Church of Jesus Christ of Latter-day Saints,posted,2026-07-07T02:31:58.749572,52
1b927fe0105d16e3,https://ni.linkedin.com/jobs/view/private-sector-engagement-and-investment-promotion-experts-at-ntu-international-a-s-4436744272,Private Sector Engagement and Investment Promotion Experts,,scraped,2026-07-07T02:32:01.653694,
fab7524bc0cb4cbe,https://ni.linkedin.com/jobs/view/full-stack-developer-python-at-perform-4398406355,Full Stack Developer (Python),,scraped,2026-07-07T02:33:12.836368,
994b7aa2318f301c,https://ni.linkedin.com/jobs/view/sustainable-finance-experts-at-ntu-international-a-s-4436758275,Sustainable Finance Experts,,scraped,2026-07-07T02:33:27.162527,
d4f07f0feee91b88,https://ni.linkedin.com/jobs/view/operador-a-iqf-congelados-%C2%BF-masaya-1-at-cargill-4414821546,Operador (a) IQF (Congelados(¿) - Masaya) 1,Cargill,posted,2026-07-07T02:33:45.289781,54
90a4cbc4bb925f3f,https://ni.linkedin.com/jobs/view/operario-a-de-producci%C3%B3n-iqf-masaya-at-cargill-4414808700,Operario(a) de Producción IQF - Masaya,Cargill,posted,2026-07-07T02:35:04.521301,56
f5b97539d79869c1,https://ni.linkedin.com/jobs/view/tecnico-de-mantenimiento-sr-masaya-at-cargill-4436772090,Tecnico de Mantenimiento Sr. - Masaya,Cargill,posted,2026-07-07T02:35:21.451428,58
dcc8f3bab471a0a8,https://ni.linkedin.com/jobs/view/analista-de-impuestos-9007-48585-at-grupo-ficohsa-hn-4427660655,ANALISTA DE IMPUESTOS (9007)(48585),Grupo Ficohsa HN,posted,2026-07-07T02:35:31.510408,60
2abb5a532db10d27,https://ni.linkedin.com/jobs/view/senior-program-manager-outsourced-operations-at-remitly-4426715634,"Senior Program Manager, Outsourced Operations",,scraped,2026-07-07T02:35:34.121362,
1e6b9541bc7b15eb,https://ni.linkedin.com/jobs/view/consultor-a-senior-%E2%80%93-ai-engineering-genai-llms-at-deloitte-4435181714,Consultor(a) Senior – AI Engineering (GenAI / LLMs),Deloitte,posted,2026-07-07T02:35:49.579788,62
7039c2feff82ea3f,https://ni.linkedin.com/jobs/view/supervisor-salud-y-seguridad-at-gildan-4427558664,"Supervisor, Salud y Seguridad",,scraped,2026-07-07T02:35:52.259076,
e59957d5e2ebd83f,https://ni.linkedin.com/jobs/view/coordinador-a-de-servicio-al-cliente-at-cargill-4435184152,Coordinador(a) de Servicio al Cliente,Cargill,posted,2026-07-07T02:36:11.214910,64
012fc31359e87f25,https://ni.linkedin.com/jobs/view/mecanico-industrial-at-cbc-4433132466,MECANICO INDUSTRIAL,cbc,posted,2026-07-07T02:36:23.187768,66
598ede4eeea549dc,https://ni.linkedin.com/jobs/view/mecanico-automotriz-at-grupo-q-4437122664,Mecanico Automotriz,,scraped,2026-07-07T02:36:25.875100,
07209852ee571107,https://ni.linkedin.com/jobs/view/senior-accountant-order-to-cash-accounting-at-remitly-4421236549,"Senior Accountant, Order to Cash Accounting",,scraped,2026-07-07T02:36:33.464202,
e721b5b66b338d6f,https://ni.linkedin.com/jobs/view/ejecutivo-de-negocios-de-banca-de-personas-at-grupo-lafise-4436434727,Ejecutivo de Negocios de Banca de Personas,Grupo LAFISE,posted,2026-07-07T02:37:11.859679,68
d2a79de875e81ab1,https://ni.linkedin.com/jobs/view/abogado-interno-de-cumplimiento-pla-ft-fp-at-grupo-lafise-4436424956,Abogado interno de cumplimiento PLA/FT/FP,,scraped,2026-07-07T02:37:14.605818,
20610f04178bbba9,https://ni.linkedin.com/jobs/view/asesor-de-ventas-at-grupo-q-4437125587,Asesor de Ventas,,scraped,2026-07-07T02:38:19.531011,
153ccdefdc9291b9,https://ni.linkedin.com/jobs/view/full-stack-developer-net-developer-at-perform-4398408340,Full Stack Developer (.NET Developer),,scraped,2026-07-07T02:39:30.354771,
9bbd03f0e991f126,https://ni.linkedin.com/jobs/view/operario-de-call-center-medico-coordinador-de-asistencia-medica-mawdy-at-mapfre-4436149399,OPERARIO DE CALL CENTER MEDICO (COORDINADOR DE ASISTENCIA MEDICA) - MAWDY,,scraped,2026-07-07T12:18:01.873579,
ff820b78fc638295,https://ni.linkedin.com/jobs/view/executive-assistant-us-startup-at-scale-up-recruiting-partners-4435778509,Executive Assistant - US StartUp,Scale Up Recruiting Partners,posted,2026-07-07T12:18:15.224076,30
2abf477cd4ffc58b,https://ni.linkedin.com/jobs/view/executive-assistant-at-workbetternow-4437416539,Executive Assistant,WorkBetterNow,posted,2026-07-07T12:18:23.738539,70
c2f83fbf01ad4f23,https://ni.linkedin.com/jobs/view/marketing-assistant-bil-at-medvirtual-4378620216,Marketing Assistant (BIL),MedVirtual,posted,2026-07-07T12:18:43.259019,72
4dd8ea96941a8952,https://ni.linkedin.com/jobs/view/trainer-remote-at-viva-talent-4437400698,Trainer (Remote),Viva Talent,posted,2026-07-07T12:18:51.292072,74
b27c91cf3c26647e,https://ni.linkedin.com/jobs/view/inspector-de-control-de-calidad-at-qima-4418972477,Inspector de Control de Calidad,,scraped,2026-07-07T12:19:05.846407,
2e0e446819210fdb,https://ni.linkedin.com/jobs/view/gerente-de-sucursal-at-grupo-lafise-4436130450,Gerente de Sucursal,Grupo LAFISE,posted,2026-07-07T12:19:20.412157,76
73d6dc46abb5d2be,https://ni.linkedin.com/jobs/view/remote-bilingual-medical-receptionist-spanish-english-at-vital-virtuals-global-hr-solutions-4436037454,Remote Bilingual Medical Receptionist (Spanish/English),Vital Virtuals Global HR Solutions,posted,2026-07-07T12:19:28.882564,78
c02eb7af1b31f226,https://ni.linkedin.com/jobs/view/client-services-director-4435030468,Client Services Director,ARCHA LAW P.C.,posted,2026-07-07T12:19:38.019776,80
1701f7f6cc99f394,https://ni.linkedin.com/jobs/view/virtual-executive-assistant-remote-at-viva-talent-4437429278,Virtual Executive Assistant (Remote),Viva Talent,posted,2026-07-07T12:19:46.363098,82
d8b16f8df83ebe4c,https://ni.linkedin.com/jobs/view/representante-visitador-m%C3%A9dico-at-empresa-confidencial-4434645288,Representante visitador médico,Empresa Confidencial,posted,2026-07-07T12:19:56.353284,84
0aa6e7d9b22cd6eb,https://ni.linkedin.com/jobs/view/consultor-superior-at-ncbt%E2%84%A2-partner-4437455670,Consultor superior,,scraped,2026-07-07T12:19:59.005171,
de58f97bd4a9e4f5,https://ni.linkedin.com/jobs/view/senior-marketing-analyst-strategy-analytics-at-toptal-4437466205,"Senior Marketing Analyst, Strategy & Analytics",Toptal,posted,2026-07-07T12:20:16.644599,86
0c03b5cacf86dfb7,https://ni.linkedin.com/jobs/view/salesforce-developer-agentforce-at-myth-selection-4432789166,Salesforce Developer - Agentforce,MYTH Selection,posted,2026-07-07T12:20:29.894992,88
3cae2f02f2b78337,https://ni.linkedin.com/jobs/view/full-time-inbound-sales-closer-at-express-chipping-inc-4436970561,Full-Time Inbound Sales Closer,"Express Chipping, Inc.",posted,2026-07-07T12:20:39.907082,90
15703957f55acbd3,https://ni.linkedin.com/jobs/view/voice-speech-ai-expert-ai-community-4436753418,Voice & Speech AI Expert (AI Community),TELUS International AI Data Solutions,posted,2026-07-07T12:20:47.805646,92
636cfb89e0360258,https://ni.linkedin.com/jobs/view/machine-learning-expert-ai-community-4436752424,Machine Learning Expert (AI Community),TELUS International AI Data Solutions,posted,2026-07-07T12:20:56.330354,94
2214be36a27158d4,https://ni.linkedin.com/jobs/view/clinical-medical-ai-expert-ai-community-4436738870,Clinical & Medical AI Expert (AI Community),TELUS International AI Data Solutions,posted,2026-07-07T12:21:03.580914,96
08912ab3dd9686b5,https://ni.linkedin.com/jobs/view/administrative-assistant-at-careers-at-scale-up-staffing-4408152786,Administrative Assistant,Careers at Scale Up Staffing,posted,2026-07-07T12:21:13.541886,98
8b46b849a53fc249,https://ni.linkedin.com/jobs/view/adminstrative-assistant-at-the-church-of-jesus-christ-of-latter-day-saints-4435217519,Adminstrative Assistant,The Church of Jesus Christ of Latter-day Saints,posted,2026-07-07T12:21:21.371310,100
b27f9fbdd24ecab0,https://ni.linkedin.com/jobs/view/ejecutivo-a-post-venta-para-empresa-de-servicios-at-conversando-gr-4437441182,Ejecutivo/a Post Venta para Empresa de Servicios,Conversando Gr,posted,2026-07-07T12:21:34.268281,102
e8c51ed8b857219a,https://ni.linkedin.com/jobs/view/consultor-a-senior-sap-wms-%E2%80%93-it-business-partner-solution-architect-ingl%C3%A9s-c1-%E2%80%93-remoto-internacional-nicaragua-at-sapindex-4436799107,Consultor/a Senior SAP WMS – IT Business Partner / Solution Architect - Inglés C1 – Remoto Internacional - Nicaragua,,scraped,2026-07-07T12:21:36.964721,
aa600751fe123178,https://ni.linkedin.com/jobs/view/operario-a-de-producci%C3%B3n-iqf-masaya-at-cargill-4418638225,Operario(a) de Producción IQF - Masaya,Cargill,posted,2026-07-07T12:22:05.401145,104
4059d33dbc3273eb,https://ni.linkedin.com/jobs/view/operario-a-de-producci%C3%B3n-masaya-at-cargill-4418161887,Operario(a) de Producción - Masaya,Cargill,posted,2026-07-07T12:22:19.051610,106
e9568c5cfbeee6d7,https://ni.linkedin.com/jobs/view/supervisor-a-de-mantenimiento-en-refrigeraci%C3%B3n-industrial-con-amoniaco-at-cargill-4405115084,Supervisor(a) de Mantenimiento en refrigeración industrial con amoniaco,Cargill,posted,2026-07-07T12:22:44.289632,108
7ba2612dd0300fcb,https://ni.linkedin.com/jobs/view/asesor-legal-cumplimiento-11799-48720-at-grupo-ficohsa-hn-4429158777,ASESOR LEGAL CUMPLIMIENTO (11799) - 48720,Grupo Ficohsa HN,posted,2026-07-07T12:22:58.381062,110
c59842a4685bbf88,https://ni.linkedin.com/jobs/view/loader-unloader-air-at-ups-4435405000,Loader/Unloader - Air,UPS,posted,2026-07-07T12:23:17.496063,26
a1c3d9f3f5152d2f,https://ni.linkedin.com/jobs/view/transaction-coordinator-at-cs-outsource-4436836834,Transaction Coordinator,CS Outsource,posted,2026-07-07T20:33:05.613970,112
c0d7a49a2023a916,https://ni.linkedin.com/jobs/view/litigation-case-manager-california-employment-law-at-bluebook-helpers-4436596948,Litigation Case Manager - California Employment Law,Bluebook Helpers,posted,2026-07-07T20:33:13.762236,114
b835dc7dbd420b8f,https://ni.linkedin.com/jobs/view/tech-recruiter-remote-work-at-bairesdev-4436839292,Tech Recruiter - Remote Work,BairesDev,posted,2026-07-07T20:33:21.400096,116
a5847917e4f0fc1e,https://ni.linkedin.com/jobs/view/hiring-journey-analyst-remote-work-at-bairesdev-4436815472,Hiring Journey Analyst - Remote Work,BairesDev,posted,2026-07-07T20:33:29.875405,118
47152eae7053ce49,https://ni.linkedin.com/jobs/view/agent-customs-evaluator-at-dhl-express-4437883055,Agent Customs Evaluator,DHL Express,posted,2026-07-07T20:33:42.205647,120
60ff5c8275560358,https://ni.linkedin.com/jobs/view/join-our-tobacco-talent-pool-at-scandinavian-tobacco-group-4388511331,Join our Tobacco Talent Pool,,scraped,2026-07-07T20:33:46.600462,
6556add928ae2a71,https://ni.linkedin.com/jobs/view/especialista-de-aseguramiento-de-la-calidad-at-ac-talentos-4436268467,Especialista de Aseguramiento de la Calidad,AC Talentos,posted,2026-07-07T20:33:59.400037,122
1949cf84f3d8c52e,https://ni.linkedin.com/jobs/view/supervisor-de-operaciones-estaciones-at-uno-centroam%C3%A9rica-4436855209,SUPERVISOR DE OPERACIONES ESTACIONES,,scraped,2026-07-07T20:34:02.025922,
5c6afce1b9fd6ed2,https://ni.linkedin.com/jobs/view/auxiliar-de-exportaciones-at-dhl-express-4432436728,Auxiliar de Exportaciones,DHL Express,posted,2026-07-07T20:34:16.607282,124
69434a174a1c0130,https://ni.linkedin.com/jobs/view/contador-general-at-nexus-hr-costa-rica-4434556642,Contador General,,scraped,2026-07-07T20:34:23.319427,
8332083e21b8323d,https://ni.linkedin.com/jobs/view/creador-de-contenido-at-cccp-mccann-nicaragua-4437738342,Creador de contenido,CCCP-McCANN Nicaragua,posted,2026-07-07T20:34:43.232419,126
2ead607b3b228c9a,https://ni.linkedin.com/jobs/view/auxiliar-de-planta-at-cbc-4433980554,AUXILIAR DE PLANTA,cbc,posted,2026-07-07T20:34:54.853747,128
e1956a2078389063,https://ni.linkedin.com/jobs/view/sales-bdr-b2b-at-teamswell-4437425928,Sales BDR (B2B),Teamswell,posted,2026-07-07T20:35:02.359871,130
d58f16ae57f8b21a,https://ni.linkedin.com/jobs/view/ejecutivo-de-cobranza-gesti%C3%B3n-administrativa-y-atenci%C3%B3n-al-cliente-nicaragua-at-grupo-ficohsa-hn-4426367983,Ejecutivo de Cobranza (Gestión Administrativa y Atención al Cliente) - Nicaragua,Grupo Ficohsa HN,posted,2026-07-07T20:35:14.613559,132
44dba93406243617,https://ni.linkedin.com/jobs/view/t%C3%A9cnico-de-mantenimiento-at-l%C3%A1cteos-nicarao-4437126811,Técnico de mantenimiento,Lácteos Nicarao,posted,2026-07-07T20:35:26.139486,134
bc51e81ccee67ad5,https://ni.linkedin.com/jobs/view/digitador-punto-america-12483-48146-at-grupo-ficohsa-hn-4418973787,DIGITADOR PUNTO AMERICA (12483) - 48146,Grupo Ficohsa HN,posted,2026-07-07T20:35:37.120565,136
f0dadf93ba9bacf1,https://ni.linkedin.com/jobs/view/gerente-de-operaciones-industrias-carnicas-integradas-at-walmart-4435800970,GERENTE DE OPERACIONES (INDUSTRIAS CARNICAS INTEGRADAS),Walmart,posted,2026-07-07T20:35:52.200453,138
1287ccde7b1159d5,https://ni.linkedin.com/jobs/view/ejecutivo-de-reclamos-patrimoniales-at-castro-cuadra-c%C3%ADa-ltda-4436766300,Ejecutivo de Reclamos Patrimoniales,Castro Cuadra & Cía. Ltda.,posted,2026-07-07T20:36:02.783333,140
af3f3154874921f0,https://ni.linkedin.com/jobs/view/l%C3%ADder-de-pqr-y-calidad-at-dichter-neira-4437817650,Líder de PQR y calidad,,scraped,2026-07-07T20:36:07.423436,
87b2a306f9e55198,https://ni.linkedin.com/jobs/view/virtual-executive-assistant-remote-at-viva-talent-4437825130,Virtual Executive Assistant (Remote),Viva Talent,posted,2026-07-07T20:36:22.804419,82
8f55b4e68943cbec,https://ni.linkedin.com/jobs/view/soporte-t%C3%A9cnico-de-arroz-malacatoya-nicaragua-el-colono-agropecuario-at-grupo-colono-4435713455,Soporte Técnico de Arroz- Malacatoya  - Nicaragua - El Colono Agropecuario,Grupo Colono,posted,2026-07-07T20:36:33.387777,142
eaa3acad7a96aee2,https://ni.linkedin.com/jobs/view/fullstack-developer-senior-python-django-%2B-react-remote-latin-america-at-bluelight-4437853921,"Fullstack Developer (Senior) - Python (Django) + React - Remote, Latin America",Bluelight,posted,2026-07-07T20:36:52.850588,144
a56c2a648cac8456,https://ni.linkedin.com/jobs/view/convocatoria-para-expresiones-de-inter%C3%A9s-lista-de-pre-seleccionados-roster-para-consultor%C3%ADas-en-el-%C3%A1rea-de-protecci%C3%B3n-de-la-ni%C3%B1ez-nicaragua-at-unicef-chad-4433729731,"Convocatoria para expresiones de interés: Lista de Pre-seleccionados (Roster) para Consultorías en el área de Protección de la Niñez, Nicaragua",Unicef CHAD,posted,2026-07-07T20:37:09.375351,146
6b3d36effb6e1383,https://ni.linkedin.com/jobs/view/agriculture-farming-logic-specialist-intermediate-ai-community-4436750406,Agriculture & Farming Logic Specialist - Intermediate (AI Community),TELUS International AI Data Solutions,posted,2026-07-07T20:37:21.226472,148
0139235c50788916,https://ni.linkedin.com/jobs/view/mecanico-a-at-gildan-4427636980,Mecanico A,,scraped,2026-07-07T20:37:37.827258,
a4885c4e8e39b0f6,https://ni.linkedin.com/jobs/view/responsable-de-higiene-y-seguridad-at-arch-latam-4436102702,RESPONSABLE DE HIGIENE Y SEGURIDAD,ARCH LATAM,posted,2026-07-07T20:37:54.252199,150
88b3517db297ba35,https://ni.linkedin.com/jobs/view/climate-change-and-circular-economy-experts-at-ntu-international-a-s-4437135577,Climate Change and Circular Economy Experts,,scraped,2026-07-07T20:37:56.928756,
9c3f491efb7b014d,https://ni.linkedin.com/jobs/view/coordinador-operativos-de-agencias-at-empresa-confidencial-4435272404,Coordinador Operativos de Agencias,Empresa Confidencial,posted,2026-07-07T20:38:12.324968,152
6d74e1108b4f8967,https://ni.linkedin.com/jobs/view/operations-assistant-at-cs-outsource-4435265129,Operations Assistant,CS Outsource,posted,2026-07-07T20:38:23.628000,154
10129539d837db21,https://ni.linkedin.com/jobs/view/senior-security-consultant-at-scale-up-recruiting-partners-4436525568,Senior Security Consultant,Scale Up Recruiting Partners,posted,2026-07-07T20:38:41.728934,156
6dc61d26d8863026,https://ni.linkedin.com/jobs/view/digital-experts-at-ntu-international-a-s-4437162389,Digital Experts,,scraped,2026-07-07T20:38:50.320033,
08ddf1a186514960,https://ni.linkedin.com/jobs/view/loader-unloader-air-at-ups-4435429037,Loader/Unloader - Air,UPS,posted,2026-07-07T20:39:00.583273,26
0486bfca36d3f7d1,https://ni.linkedin.com/jobs/view/senior-grc-consultant-at-scale-up-recruiting-partners-4436530335,Senior GRC Consultant,Scale Up Recruiting Partners,posted,2026-07-07T20:39:15.077645,158
57e15fd4abeee2d4,https://ni.linkedin.com/jobs/view/full-stack-developer-react-redux-at-perform-4384080779,Full Stack Developer (React/Redux),Perform,posted,2026-07-07T20:39:29.091762,160
67d8857180b9d99a,https://ni.linkedin.com/jobs/view/accountant-at-remitly-4436411869,Accountant,Remitly,posted,2026-07-07T20:39:44.061808,162
274337e490ebeae4,https://ni.linkedin.com/jobs/view/instructor-gildan-rivas-%233-at-gildan-4418038144,Instructor Gildan Rivas #3,,scraped,2026-07-07T20:39:46.517337,
860e4eadcb4b64c9,https://ni.linkedin.com/jobs/view/escalations-representative-at-opticall-bpo-4435494118,Escalations Representative,Opticall BPO,posted,2026-07-07T20:40:02.868577,164
b2f69e7f233c03cb,https://ni.linkedin.com/jobs/view/tecnico-de-mantenimiento-at-concentrix-4436423425,Tecnico de mantenimiento,Concentrix,posted,2026-07-07T20:40:07.604639,134
f01fa1803ee56fcf,https://ni.linkedin.com/jobs/view/senior-recruiter-remote-work-at-bairesdev-4436842095,Senior Recruiter - Remote Work,BairesDev,posted,2026-07-07T20:40:16.998494,166
7e7d134ae15758dc,https://ni.linkedin.com/jobs/view/consultor-a-senior-sap-pm-%E2%80%93-it-business-partner-solution-architect-ingl%C3%A9s-c1-%E2%80%93-remoto-internacional-nicaragua-at-sapindex-4436784729,Consultor/a Senior SAP PM – IT Business Partner / Solution Architect - Inglés C1 – Remoto Internacional - Nicaragua,,scraped,2026-07-07T20:40:19.643584,
4ccb75007cc48703,https://ni.linkedin.com/jobs/view/supervisor-de-seguridad-y-medio-ambiente-nicaragua-masaya-at-cargill-4434576092,"Supervisor de Seguridad y Medio Ambiente (Nicaragua, Masaya)",Cargill,posted,2026-07-07T20:40:38.783357,168
53badb287c5a909b,https://ni.linkedin.com/jobs/view/data-engineer-at-perform-4406419058,Data Engineer,Perform,posted,2026-07-07T20:40:49.545989,170
74edba37c8723756,https://ni.linkedin.com/jobs/view/senior-customer-success-specialist-at-confidential-4436136226,Senior Customer Success Specialist,Confidential,posted,2026-07-07T20:41:03.239569,172
08697383c32f813d,https://ni.linkedin.com/jobs/view/seleccionador-a-de-productos-masaya-at-cargill-4434572556,Seleccionador(a) de Productos - Masaya,Cargill,posted,2026-07-07T20:41:16.291703,174
fb099e72ab695294,https://ni.linkedin.com/jobs/view/abogado-de-cobro-judicial-zona-norte-at-grupo-lafise-4436428790,Abogado de cobro judicial (Zona norte),Grupo LAFISE,posted,2026-07-07T20:41:32.787247,176
e43470979f7a7683,https://ni.linkedin.com/jobs/view/paid-social-search-specialist-at-opticall-bpo-4434361321,Paid Social & Search Specialist,Opticall BPO,posted,2026-07-07T20:41:44.919155,178
f066d431713538d8,https://ni.linkedin.com/jobs/view/business-concierge-associate-at-remitly-4436428149,Business Concierge Associate,Remitly,posted,2026-07-07T20:41:54.616262,180
4d9e81286d4cf4c9,https://ni.linkedin.com/jobs/view/treasury-analyst-funding-at-remitly-4429139654,"Treasury Analyst, Funding",Remitly,posted,2026-07-07T20:42:03.891449,182
67954bb93b731635,https://ni.linkedin.com/jobs/view/operario-a-de-limpieza-masaya-at-cargill-4434560828,Operario(a) de Limpieza - Masaya,Cargill,posted,2026-07-07T20:42:16.774853,184
a754b2d4e5df759d,https://ni.linkedin.com/jobs/view/operario-a-de-limpieza-masaya-at-cargill-4427573326,Operario(a) de Limpieza - Masaya,Cargill,posted,2026-07-07T20:42:30.935943,186
dc4838e8b3730f58,https://ni.linkedin.com/jobs/view/taxes-specialist-accounting-at-concentrix-4413654414,"Taxes Specialist, Accounting",Concentrix,posted,2026-07-07T20:42:43.697750,188
5c8a92ef344cd2a6,https://ni.linkedin.com/jobs/view/offensive-security-engineer-at-applaudo-4437438106,Offensive Security Engineer,Applaudo,posted,2026-07-07T20:42:58.521486,190
5f75bea07167e70c,https://ni.linkedin.com/jobs/view/backend-developer-node-js-at-applaudo-4436158157,Backend Developer (Node.js),,scraped,2026-07-07T20:43:01.099035,
e72c612eba4966bf,https://ni.linkedin.com/jobs/view/gerente-de-arquitectura-de-software-at-deloitte-4435836811,Gerente de arquitectura de software,Deloitte,posted,2026-07-07T20:43:23.999267,192
63fabb0c393470c0,https://ni.linkedin.com/jobs/view/operario-a-de-producci%C3%B3n-masaya-at-cargill-4434563744,Operario(a) de Producción - Masaya,Cargill,posted,2026-07-07T20:43:43.239313,194
57a3598ae056bf54,https://ni.linkedin.com/jobs/view/coordinador-a-de-granja-masaya-at-cargill-4434639411,Coordinador(a) de Granja - Masaya,Cargill,posted,2026-07-07T20:43:57.964524,196
f6a4590b060df5cd,https://ni.linkedin.com/jobs/view/offensive-security-engineer-at-applaudo-4437437177,Offensive Security Engineer,,scraped,2026-07-07T20:44:00.579715,
45f4dc4d6122fb91,https://ni.linkedin.com/jobs/view/fullstack-developer-senior-python-django-%2B-react-remote-latin-america-at-bluelight-4437861641,"Fullstack Developer (Senior) - Python (Django) + React - Remote, Latin America",Bluelight,posted,2026-07-07T20:44:11.015024,144
744c21a456b1d66d,https://ni.linkedin.com/jobs/view/ingeniero-de-seguridad-de-aplicaciones-checkmarx-sast-trabajo-remoto-at-bairesdev-4436837646,Ingeniero de Seguridad de Aplicaciones (Checkmarx / SAST) - Trabajo Remoto,BairesDev,posted,2026-07-07T20:44:22.619042,198
55b5fe4bc9b2f741,https://ni.linkedin.com/jobs/view/fullstack-developer-senior-python-django-%2B-react-remote-latin-america-at-bluelight-4437873024,"Fullstack Developer (Senior) - Python (Django) + React - Remote, Latin America",Bluelight,posted,2026-07-07T20:44:28.210428,144
aed15e30c2a1e449,https://ni.linkedin.com/jobs/view/senior-net-developer-temporary-contract-at-applaudo-4436379240,Senior .NET Developer (temporary contract),,scraped,2026-07-07T20:44:40.854217,
670cc8b5c692440d,https://ni.linkedin.com/jobs/view/senior-full-stack-java-engineer-java-%2B-angular-temporary-contract-at-applaudo-4436781115,Senior Full Stack Java Engineer (Java + Angular ) - temporary contract,,scraped,2026-07-07T20:44:47.338283,
02b9adbcc932541f,https://ni.linkedin.com/jobs/view/consultor-a-senior-sap-qm-%E2%80%93-it-business-partner-solution-architect-ingl%C3%A9s-c1-%E2%80%93-remoto-internacional-nicaragua-at-sapindex-4436902024,Consultor/a Senior SAP QM – IT Business Partner / Solution Architect - Inglés C1 – Remoto Internacional - Nicaragua,,scraped,2026-07-07T20:44:53.897112,
7d420fe4f26ea5b2,https://ni.linkedin.com/jobs/view/analista-datos-at-gildan-4434631571,Analista - Datos,,scraped,2026-07-08T06:47:18.225133,
ef964474c802fc39,https://ni.linkedin.com/jobs/view/auxiliar-administrativo-at-coca-cola-femsa-4434597982,Auxiliar Administrativo,,scraped,2026-07-08T06:47:26.166156,
96953a9b260ead03,https://ni.linkedin.com/jobs/view/analista-calidad-at-coca-cola-femsa-4433974340,Analista Calidad,,scraped,2026-07-08T06:47:32.989243,
4b19222e94aa27db,https://ni.linkedin.com/jobs/view/planeador-de-accesorios-at-gildan-4434627770,Planeador de Accesorios,,scraped,2026-07-08T06:47:41.857489,
089881f605b86711,https://ni.linkedin.com/jobs/view/brand-manager-cadena-de-restaurantes-managua-nicaragua-at-food-gurus-%E2%80%93-agencia-consultora-gastron%C3%B3mica-4437890284,Brand Manager Cadena de restaurantes/ Managua-Nicaragua,Food Gurus – Agencia Consultora Gastronómica,posted,2026-07-08T06:48:08.355538,210
e9bb97bf22190649,https://ni.linkedin.com/jobs/view/adminstrative-assistant-at-a-igreja-de-jesus-cristo-dos-santos-dos-%C3%BAltimos-dias-4436475036,Adminstrative Assistant,,scraped,2026-07-08T06:48:11.024764,
f8cd33d5c6d92139,https://ni.linkedin.com/jobs/view/gerente-senior-de-operaciones-at-reliefweb-4436478521,Gerente Senior de Operaciones,ReliefWeb,posted,2026-07-08T06:48:35.875563,212
f145e239ea25bd25,https://ni.linkedin.com/jobs/view/vacancy-notice-job-title-secretary-m-f-x-local-agent-group-iii-at-eubam-libya-4437124493,VACANCY NOTICE-JOB TITLE: SECRETARY (M/F/X) LOCAL AGENT GROUP III,,scraped,2026-07-08T06:48:40.600451,
fb50ba53271293e2,https://ni.linkedin.com/jobs/view/mgr-facility-operations-at-a-igreja-de-jesus-cristo-dos-santos-dos-%C3%BAltimos-dias-4436454937,"Mgr, Facility Operations",,scraped,2026-07-08T06:48:48.108101,
61a147b20a3933f1,https://ni.linkedin.com/jobs/view/auxiliar-de-talento-humano-at-concentrix-4436410495,Auxiliar de Talento Humano,Concentrix,posted,2026-07-08T06:49:05.584113,214
99c1645182f42deb,https://ni.linkedin.com/jobs/view/partnership-lead-at-entrepreneur-cooperative-4437857927,Partnership Lead,Entrepreneur Cooperative,posted,2026-07-08T06:49:19.273604,216
1bdba1c8f49a4fc5,https://ni.linkedin.com/jobs/view/auxiliar-de-bodega-picker-medio-tiempo-at-pedidosya-4407636170,Auxiliar de Bodega/Picker- MEDIO TIEMPO,,scraped,2026-07-08T06:49:25.830825,
ea94e3b1c0219355,https://ni.linkedin.com/jobs/view/coordinador-de-contralor%C3%ADa-normativa-at-grupo-lafise-4438134051,Coordinador de Contraloría Normativa,Grupo LAFISE,posted,2026-07-08T06:49:39.400777,218
5dbd5492d5f71b53,https://ni.linkedin.com/jobs/view/senior-supervisor-bpo-at-outsourcing-services-international-osi-4423169639,Senior Supervisor - BPO,,scraped,2026-07-08T06:50:00.032945,
40cf780bdc7e44e0,https://ni.linkedin.com/jobs/view/account-executive-at-pedidosya-4435244746,Account Executive,,scraped,2026-07-08T06:50:10.360519,
95b49a20a77b8826,https://ni.linkedin.com/jobs/view/banco-de-talento-tecnol%C3%B3gico-regional-at-grupo-ficohsa-hn-4438101729,Banco de Talento Tecnológico Regional,Grupo Ficohsa HN,posted,2026-07-08T06:50:26.980020,220
d935d63a6fec9a93,https://ni.linkedin.com/jobs/view/analista-de-reaseguros-senior-at-grupo-lafise-4438108851,Analista de Reaseguros Senior,Grupo LAFISE,posted,2026-07-08T06:50:38.689351,222
4a667aee81cc1093,https://ni.linkedin.com/jobs/view/electricista-at-gildan-4387604570,Electricista,,scraped,2026-07-08T06:50:47.298613,
0f1177e4517e9e2f,https://ni.linkedin.com/jobs/view/analista-de-cr%C3%A9dito-at-ficohsa-banco-ni-4435785830,Analista de Crédito,,scraped,2026-07-08T06:50:54.829312,
a5ba4c0b1fb680a2,https://ni.linkedin.com/jobs/view/electricista-at-gildan-4437483166,Electricista,,scraped,2026-07-08T06:51:01.826415,
3e2b795804b8b5b2,https://ni.linkedin.com/jobs/view/ingeniero-civil-at-talented-people-4437796846,Ingeniero civil,,scraped,2026-07-08T06:51:09.322747,
fc5c3e3e0edb51f0,https://ni.linkedin.com/jobs/view/coordinador-a-de-servicio-al-cliente-at-cargill-4434568685,Coordinador(a) de Servicio al Cliente,Cargill,posted,2026-07-08T06:51:48.005987,224
586dbed722bcfbb2,https://ni.linkedin.com/jobs/view/intern-mfg-operations-at-yazaki-north-america-4438120011,"Intern, Mfg. Operations",Yazaki North America,posted,2026-07-08T06:52:05.845115,226
eae359ef4424c8b2,https://ni.linkedin.com/jobs/view/intern-mfg-operations-at-yazaki-north-america-4437897905,"Intern, Mfg. Operations",Yazaki North America,scraped,2026-07-08T06:52:09.969328,
f0808cd6483f0b1b,https://ni.linkedin.com/jobs/view/blockchain-engineer-remote-work-at-bairesdev-4436226873,Blockchain Engineer - Remote Work,BairesDev,posted,2026-07-08T06:52:24.070694,228
092a3af8109fd81f,https://ni.linkedin.com/jobs/view/ejecutivo-a-de-calidad-y-coaching-at-cargill-4425304850,Ejecutivo (a) de Calidad y Coaching,Cargill,posted,2026-07-08T06:52:37.517732,230
b5afd3fda550a3e1,https://ni.linkedin.com/jobs/view/analista-de-procesos-at-grupo-lafise-4438108870,Analista de procesos,Grupo LAFISE,posted,2026-07-08T06:52:54.009540,232
70007129bd28d5ef,https://ni.linkedin.com/jobs/view/motorista-ii-incubadora-ricasa-at-cargill-4434557965,Motorista II - Incubadora Ricasa,Cargill,posted,2026-07-08T06:53:05.818081,234
c2278abb27efb1b2,https://ni.linkedin.com/jobs/view/analista-de-subrogaciones-at-grupo-lafise-4437859439,Analista de Subrogaciones,Grupo LAFISE,posted,2026-07-08T06:53:18.821137,236
c2b6a1849f1b232b,https://ni.linkedin.com/jobs/view/chofer-de-cami%C3%B3n-at-gildan-4418027548,Chofer de Camión,,scraped,2026-07-08T06:53:21.415852,
f1acf09c1d3f703c,https://ni.linkedin.com/jobs/view/machine-learning-engineer-remote-work-at-bairesdev-4436848738,Machine Learning Engineer - Remote Work,BairesDev,posted,2026-07-08T06:53:37.654587,238
842c5d6b614670cb,https://ni.linkedin.com/jobs/view/inclusive-and-sustainable-economic-integration-experts-at-ntu-international-a-s-4436736408,Inclusive and Sustainable Economic Integration Experts,,scraped,2026-07-08T06:53:40.250483,
4a308169304b7d47,https://ni.linkedin.com/jobs/view/cajero-8777-48912-at-grupo-ficohsa-hn-4436450086,CAJERO (8777) - 48912,Grupo Ficohsa HN,posted,2026-07-08T06:53:57.773803,240
24cf0d3699b173a2,https://ni.linkedin.com/jobs/view/jefe-de-cocina-masaya-at-cargill-4434575117,Jefe de Cocina - Masaya,Cargill,posted,2026-07-08T06:54:17.243467,242
417d187b7d0d86d5,https://ni.linkedin.com/jobs/view/qa-automation-engineer-node-js-distributed-systems-at-applaudo-4436143302,QA Automation Engineer (Node.js & Distributed Systems),,scraped,2026-07-08T06:54:21.842780,
4bbc27c34c109e09,https://ni.linkedin.com/jobs/view/sales-executive-for-campus-live-remote-work-at-bairesdev-4436599668,Sales Executive for Campus Live - Remote Work,BairesDev,posted,2026-07-08T06:54:40.469598,244
ac1773c0752e91b5,https://ni.linkedin.com/jobs/view/mobility-transport-and-urban-planning-experts-at-ntu-international-a-s-4437155139,"Mobility, Transport and Urban Planning Experts",,scraped,2026-07-08T06:54:45.142231,
8d2fa98022677004,https://ni.linkedin.com/jobs/view/operario-a-de-producci%C3%B3n-iqf-masaya-at-cargill-4434573263,Operario(a) de Producción IQF - Masaya,Cargill,posted,2026-07-08T06:54:59.045772,246
ac96759ba26dc40d,https://ni.linkedin.com/jobs/view/ejecutivo-de-negocios-pyme-at-grupo-lafise-4436125670,Ejecutivo de Negocios Pyme,Grupo LAFISE,posted,2026-07-08T06:55:11.386340,248
2fda72bf98e981e9,https://ni.linkedin.com/jobs/view/refrigeration-technician-4437814241,Refrigeration Technician,CW Ingenieria,posted,2026-07-08T06:55:21.658545,250
edc9e1d54f880e54,https://ni.linkedin.com/jobs/view/ingeniero-productividad-gildan-rivas-%233-at-gildan-4436790909,Ingeniero Productividad Gildan Rivas #3,,scraped,2026-07-08T06:55:26.050296,
80be1002caef9cda,https://ni.linkedin.com/jobs/view/service-delivery-leader-at-applaudo-4437419796,Service Delivery Leader,,scraped,2026-07-08T06:55:33.799091,
0df19ebdb3187abd,https://ni.linkedin.com/jobs/view/senior-accountant-at-teamswell-4435841358,Senior Accountant,Teamswell,posted,2026-07-08T06:55:47.806402,252
d713157427d75581,https://ni.linkedin.com/jobs/view/t%C3%A9cnico-a-electricista-managua-at-cargill-4434559864,Técnico (a) Electricista - Managua,Cargill,posted,2026-07-08T06:56:02.375790,254
784a003d50241c9c,https://ni.linkedin.com/jobs/view/call-center-agent-english-at-callsexperts-4432394581,Call Center Agent (English),Callsexperts,posted,2026-07-08T06:56:18.781407,256
790376c996d55362,https://ni.linkedin.com/jobs/view/motorista-ii-incubadora-ricasa-at-cargill-4434574220,Motorista II - Incubadora Ricasa,Cargill,posted,2026-07-08T06:56:38.860530,234
adb1ca7401ef1402,https://ni.linkedin.com/jobs/view/senior-qa-automation-engineer-playwright-mobile-at-applaudo-4436170309,Senior QA Automation Engineer (Playwright & Mobile),,scraped,2026-07-08T06:56:41.460814,
0011b0a1d8e3b53f,https://ni.linkedin.com/jobs/view/cociner-a-masaya-at-cargill-4434558968,Cociner(a) - Masaya,Cargill,posted,2026-07-08T06:56:55.696317,258
e4b9e0978e3894af,https://ni.linkedin.com/jobs/view/senior-qa-automation-engineer-playwright-mobile-at-applaudo-4436161524,Senior QA Automation Engineer (Playwright & Mobile),,scraped,2026-07-08T06:56:58.305234,
e452b938232ef52f,https://ni.linkedin.com/jobs/view/cociner-a-masaya-at-cargill-4434573240,Cociner(a) - Masaya,Cargill,posted,2026-07-08T06:57:13.288942,260
68d760e903e741d1,https://ni.linkedin.com/jobs/view/cociner-a-masaya-at-cargill-4434569629,Cociner(a) - Masaya,Cargill,posted,2026-07-08T06:57:23.705095,262
e4eae3ed2d913f51,https://ni.linkedin.com/jobs/view/ispeak-language-program-student-at-ibex-4308291996,iSpeak - Language Program Student,ibex,posted,2026-07-08T13:20:53.921069,264
edb9deab68bd1959,https://ni.linkedin.com/jobs/view/backoffice-representative-at-ibex-4308293931,Backoffice Representative,ibex,posted,2026-07-08T13:21:05.606019,266
f8fdf68b642e022a,https://ni.linkedin.com/jobs/view/analista-de-datos-at-empresa-confidencial-4437708215,Analista de datos,Empresa Confidencial,posted,2026-07-08T13:21:37.011724,268
64bad70613436da6,https://ni.linkedin.com/jobs/view/cajero-sucursal-rivas-at-grupo-lafise-4437843009,Cajero - Sucursal Rivas,Grupo LAFISE,posted,2026-07-08T13:21:48.589191,270
4bf126b259590a17,https://ni.linkedin.com/jobs/view/associate-data-specialist-nob%0Ajob-id-280369-at-urban-resilience-hub-by-un-habitat-s-crgp-4436957888,"ASSOCIATE DATA SPECIALIST, NOB
Job ID : 280369",,scraped,2026-07-08T13:21:53.301437,
2e82eb575902391e,https://ni.linkedin.com/jobs/view/oficial-de-telemercadeo-at-grupo-lafise-4438124160,Oficial de Telemercadeo,Grupo LAFISE,posted,2026-07-08T13:22:15.603934,272
4a28a1d91ddc5d55,https://ni.linkedin.com/jobs/view/soporte-t%C3%A9cnico-de-equipos-juigalpa-nicaragua-el-colono-agropecuario-at-grupo-colono-4435773679,Soporte Técnico de Equipos - Juigalpa - Nicaragua - El Colono Agropecuario,Grupo Colono,posted,2026-07-08T13:22:25.207787,274
71c8a1e90ae32477,https://ni.linkedin.com/jobs/view/talent-acquisition-analyst-remote-work-at-bairesdev-4436861288,Talent Acquisition Analyst - Remote Work,BairesDev,posted,2026-07-08T13:22:53.495485,276
99ac9aa59eceff47,https://ni.linkedin.com/jobs/view/oficial-de-higiene-y-seguridad-at-gildan-4436502495,Oficial de Higiene y Seguridad,,scraped,2026-07-08T13:23:00.138250,
6910252a67ff1a5d,https://ni.linkedin.com/jobs/view/customer-service-representative-at-ibex-4308510096,Customer Service Representative,ibex,posted,2026-07-08T13:23:42.650887,278
b7617b4caafd6b2b,https://ni.linkedin.com/jobs/view/regente-farmaceutico-at-health-help-charity-4437737313,Regente farmaceutico,Health &amp; Help Charity,posted,2026-07-08T13:23:54.390657,280
c5d00299d7b8ad5e,https://ni.linkedin.com/jobs/view/recibidor-despachador-at-cargill-4434561848,Recibidor despachador,Cargill,posted,2026-07-08T13:24:10.694527,282
3e381cf176c3175a,https://ni.linkedin.com/jobs/view/supervisor-de-seguridad-y-medio-ambiente-nicaragua-masaya-at-cargill-4434574211,"Supervisor de Seguridad y Medio Ambiente (Nicaragua, Masaya)",Cargill,posted,2026-07-08T13:24:19.372039,168
df7db1c4d82429da,https://ni.linkedin.com/jobs/view/cajero-sucursal-estel%C3%AD-at-grupo-lafise-4437833501,Cajero - Sucursal Estelí,Grupo LAFISE,posted,2026-07-08T13:24:44.683062,284
1e11afaf82446a07,https://ni.linkedin.com/jobs/view/ingeniero-de-seguridad-de-aplicaciones-checkmarx-sast-trabajo-remoto-at-bairesdev-4436827989,Ingeniero de Seguridad de Aplicaciones (Checkmarx / SAST) - Trabajo Remoto,BairesDev,posted,2026-07-08T13:25:09.919823,198
204781aaa7ee27d3,https://ni.linkedin.com/jobs/view/administrador-de-finca-4435192970,Administrador de Finca,Finca Pandora,posted,2026-07-08T13:25:23.136949,286
69063b2e915d8587,https://ni.linkedin.com/jobs/view/backend-developer-node-js-at-applaudo-4436152279,Backend Developer (Node.js),,scraped,2026-07-08T13:25:25.926825,
f03d920fd9ba284f,https://ni.linkedin.com/jobs/view/entregador-a-de-productos-chinandega-at-cargill-4434564772,Entregador(a) de Productos - Chinandega,Cargill,posted,2026-07-08T13:25:42.338338,288
c36497b6f1032a1c,https://ni.linkedin.com/jobs/view/application-security-engineer-checkmarx-sast-remote-work-at-bairesdev-4436808873,Application Security Engineer (Checkmarx / SAST) - Remote Work,BairesDev,posted,2026-07-08T13:25:56.776734,290
b4793983f9119a53,https://ni.linkedin.com/jobs/view/coordinador-a-de-granja-masaya-at-cargill-4434565791,Coordinador(a) de Granja - Masaya,Cargill,posted,2026-07-08T13:26:07.819215,292
d26b9ea0d9b5b122,https://ni.linkedin.com/jobs/view/agente-de-televentas-at-cargill-4424804079,Agente de Televentas,Cargill,posted,2026-07-08T13:26:18.654308,294
6e92af9f5098c86a,https://ni.linkedin.com/jobs/view/brand-manager-cadena-de-restaurantes-managua-nicaragua-at-food-gurus-%E2%80%93-consultora-gastron%C3%B3mica-4437890284,Brand Manager Cadena de restaurantes/ Managua-Nicaragua,Food Gurus – Consultora Gastronómica,posted,2026-07-08T18:56:59.057645,210
3744e00bd76078a8,https://ni.linkedin.com/jobs/view/membership-operations-manager-event-manager-at-teamswell-4437454854,Membership Operations Manager & Event Manager,Teamswell,posted,2026-07-08T18:57:15.643393,296
a4fbd62c1da6bcb0,https://ni.linkedin.com/jobs/view/virtual-executive-assistant-remote-at-viva-talent-4438246725,Virtual Executive Assistant (Remote),Viva Talent,posted,2026-07-08T18:57:30.770951,82
5200196a0cbdbc02,https://ni.linkedin.com/jobs/view/administrative-assistant-ni-at-core-code-io-4437041759,Administrative Assistant NI,Core Code io,posted,2026-07-08T18:57:46.037611,298
705e1d7e36a3578e,https://ni.linkedin.com/jobs/view/supervisor-de-operaciones-proceso-at-cargill-4434572569,Supervisor de Operaciones-Proceso,Cargill,posted,2026-07-08T18:58:07.228346,300
13f970e95ee54dd9,https://ni.linkedin.com/jobs/view/coordinador-senior-de-recursos-humanos-at-walmart-centroam%C3%A9rica-4437823599,Coordinador Senior de Recursos Humanos,,scraped,2026-07-08T18:58:09.704878,
cd1d92aa2965f407,https://ni.linkedin.com/jobs/view/administrador-de-bienes-siniestrados-at-grupo-lafise-4438124474,Administrador de Bienes Siniestrados,Grupo LAFISE,posted,2026-07-08T18:58:27.490216,302
4c0d42e8fd6fb53c,https://ni.linkedin.com/jobs/view/asistente-de-higiene-y-seguridad-at-nicaragua-talento-humano-4438130439,Asistente de Higiene y Seguridad,Nicaragua Talento Humano,posted,2026-07-08T18:58:43.120516,304
5cb6a482cd8327e4,https://ni.linkedin.com/jobs/view/programme-assistant-gs5-fta-managua-nicaragua-at-international-civil-aviation-organization-4438168026,"Programme Assistant, GS5, FTA, Managua, Nicaragua",International Civil Aviation Organization,posted,2026-07-08T18:59:02.372545,306
a674eda0ca6c6302,https://ni.linkedin.com/jobs/view/associate-compliance-analyst-at-sago-4437874039,Associate Compliance Analyst,Sago,posted,2026-07-08T18:59:13.867690,308
7d07474b6b2b6147,https://ni.linkedin.com/jobs/view/team-leader-for-medical-campaign-at-tri-source-international-llc-4438263804,Team Leader for Medical Campaign,Tri Source International LLC,posted,2026-07-08T18:59:23.127733,310
c537e14466353755,https://ni.linkedin.com/jobs/view/asesor-posventa-at-equipsa-4438263508,Asesor posventa,,scraped,2026-07-08T18:59:31.789150,
7d134cecd0b286be,https://ni.linkedin.com/jobs/view/representante-de-servicio-al-cliente-at-cargill-4434564786,Representante de Servicio al Cliente,Cargill,posted,2026-07-08T18:59:50.840721,312
8f1a7903891a9d48,https://ni.linkedin.com/jobs/view/administrative-assistant-temporary-at-nestl%C3%A9-4438143881,Administrative Assistant Temporary,Nestlé,posted,2026-07-08T19:00:02.876757,314
b15002e3465ff0a7,https://ni.linkedin.com/jobs/view/casetero-a-av%C3%ADcola-boaco-at-cargill-4434576101,Casetero(a) Avícola - Boaco,Cargill,posted,2026-07-08T19:00:28.013986,316
0aab653c3ad5be28,https://ni.linkedin.com/jobs/view/coordinator-retail-partners-at-dhl-express-4437868738,Coordinator Retail Partners,DHL Express,posted,2026-07-08T19:00:44.110421,318
1301c17f2efdcfb8,https://ni.linkedin.com/jobs/view/seleccionador-a-de-productos-masaya-at-cargill-4434573250,Seleccionador(a) de Productos - Masaya,Cargill,posted,2026-07-08T19:00:56.216958,320
55afdc688e742eaa,https://ni.linkedin.com/jobs/view/casetero-a-av%C3%ADcola-boaco-at-cargill-4428101656,Casetero(a) Avícola - Boaco,Cargill,posted,2026-07-08T19:01:13.281503,322
8af3700c8c4af201,https://ni.linkedin.com/jobs/view/education-research-and-innovation-experts-at-ntu-international-a-s-4437198612,"Education, Research and Innovation Experts",,scraped,2026-07-08T19:01:21.953067,
6233e56396cf3ee2,https://ni.linkedin.com/jobs/view/ingeniero-sast-trabajo-remoto-ref%23296033-at-bairesdev-4432459798,Ingeniero SAST - Trabajo Remoto | REF#296033,BairesDev,posted,2026-07-08T19:01:42.746890,324
efd4c21d7f3b9c35,https://ni.linkedin.com/jobs/view/operario-a-de-despacho-masaya-at-cargill-4434558976,Operario(a) de Despacho - Masaya,Cargill,posted,2026-07-08T19:01:58.071049,326
bb2982a6d4d89d56,https://ni.linkedin.com/jobs/view/operador-a-iqf-congelados-masaya-at-cargill-4434566765,Operador (a) IQF (Congelados- Masaya),Cargill,posted,2026-07-08T19:02:09.384857,328
f8bc2e496937fdf5,https://ni.linkedin.com/jobs/view/ejecutivo-de-ventas-managua-at-grupo-lafise-4438274647,Ejecutivo de Ventas - Managua,Grupo LAFISE,posted,2026-07-08T19:02:34.689793,330
8aa9af8772aec1dc,https://ni.linkedin.com/jobs/view/spanish-bilingual-customer-service-specialist-at-talentpop-app-4434875707,Spanish Bilingual Customer Service Specialist,TalentPop App,posted,2026-07-08T19:02:48.871390,332
4c725c948ae8ba49,https://ni.linkedin.com/jobs/view/spanish-bilingual-customer-service-specialist-at-talentpop-app-4434875664,Spanish Bilingual Customer Service Specialist,TalentPop App,scraped,2026-07-08T19:02:53.189479,
8cbb63bf4de6dc8c,https://ni.linkedin.com/jobs/view/spanish-bilingual-customer-service-specialist-at-talentpop-app-4434889233,Spanish Bilingual Customer Service Specialist,TalentPop App,posted,2026-07-08T19:03:09.537517,332
5751382045392845,https://ni.linkedin.com/jobs/view/ads-campaign-manager-fully-remote-bilingual-at-valatam-4434871074,Ads Campaign Manager (Fully Remote / Bilingual),Valatam,posted,2026-07-08T19:03:26.101694,334
ecef3658e11682fb,https://ni.linkedin.com/jobs/view/asesor-patrimonial-at-goque-group-4434791399,Asesor patrimonial,Goque Group,posted,2026-07-08T19:03:39.523962,336
aedbace4f0678b59,https://ni.linkedin.com/jobs/view/ejecutivos-de-ventas-canal-detalle-at-unimark-s-a-4437872564,Ejecutivos de Ventas - Canal Detalle,,scraped,2026-07-08T19:03:46.156933,
d27c1640f87cb8fd,https://ni.linkedin.com/jobs/view/career-framework-specialist-remote-work-at-bairesdev-4437067922,Career Framework Specialist - Remote Work,BairesDev,posted,2026-07-08T19:03:58.897754,338
60fd7d7c9f4f2c46,https://ni.linkedin.com/jobs/view/french-bilingual-customer-service-specialist-at-talentpop-app-4434869988,French Bilingual Customer Service Specialist,TalentPop App,posted,2026-07-08T19:04:17.688839,340
693b3cda1fa21639,https://ni.linkedin.com/jobs/view/agente-vendedor-at-grupo-d%C3%B6kka-4438241523,Agente Vendedor,,scraped,2026-07-08T19:04:24.109284,
3187f31535156dff,https://ni.linkedin.com/jobs/view/french-bilingual-customer-service-specialist-at-talentpop-app-4434879454,French Bilingual Customer Service Specialist,TalentPop App,posted,2026-07-08T19:04:32.669548,340
f051ea840482d96d,https://ni.linkedin.com/jobs/view/technical-business-analyst-nicaragua-at-deloitte-4435886606,Technical Business Analyst - Nicaragua,Deloitte,posted,2026-07-08T19:04:47.855041,342
8a89ce8468f8e307,https://ni.linkedin.com/jobs/view/virtual-medical-receptionist-eng-span-out-of-network-experience-required-at-staffing-for-doctors-4434876404,Virtual Medical Receptionist (Eng &Span) - Out of Network Experience Required,Staffing For Doctors,posted,2026-07-08T19:05:10.833619,344
cfec75c05a455d3f,https://ni.linkedin.com/jobs/view/sr-ai-ml-engineer-at-perform-4398650163,Sr. AI/ML Engineer,Perform,posted,2026-07-08T19:05:26.763524,346
b302d1f2c127f980,https://ni.linkedin.com/jobs/view/service-delivery-leader-at-applaudo-4437426392,Service Delivery Leader,,scraped,2026-07-08T19:05:29.421626,
27e506143dd1de3f,https://ni.linkedin.com/jobs/view/senior-economic-and-commercial-specialist-at-u-s-embassy-managua-4438292320,Senior Economic and Commercial Specialist,,scraped,2026-07-08T23:45:23.837843,
e0e834d28cc82cfd,https://ni.linkedin.com/jobs/view/especialista-en-gesti%C3%B3n-de-inventario-at-walmart-centroam%C3%A9rica-4438282421,Especialista en gestión de inventario,,scraped,2026-07-08T23:45:32.218552,
fe558ce166ce51cc,https://ni.linkedin.com/jobs/view/encargado-a-auditor%C3%ADa-externa-nicaragua-at-deloitte-4438263385,Encargado(a) Auditoría Externa - Nicaragua,Deloitte,posted,2026-07-08T23:45:47.819347,348
0cc21d20c850d5cc,https://ni.linkedin.com/jobs/view/veterinary-delegate-at-nestl%C3%A9-4438265640,Veterinary Delegate,Nestlé,posted,2026-07-08T23:45:58.399232,350
fd7eec2ac2ee21f7,https://ni.linkedin.com/jobs/view/analista-de-recursos-humanos-at-empresa-confidencial-4438269882,Analista de recursos humanos,Empresa Confidencial,posted,2026-07-08T23:46:15.513993,352
fa7aaa8b8e60842b,https://ni.linkedin.com/jobs/view/analista-de-datos-at-grupo-lafise-4436430393,Analista de Datos,Grupo LAFISE,posted,2026-07-08T23:46:22.609742,268
461bee8559ba8a75,https://ni.linkedin.com/jobs/view/supervisor-de-operaciones-proceso-at-cargill-4434565792,Supervisor de Operaciones-Proceso,Cargill,posted,2026-07-08T23:46:27.336459,300
fb1a30e3bc619686,https://ni.linkedin.com/jobs/view/medical-interpreters-required-%21-remote-medical-interpreters-%21-opi-and-vri-spanish-english-at-multilingual-interpreters-and-translators-4437811257,Medical Interpreters Required ! (Remote Medical Interpreters) ! OPI and VRI ((Spanish-English)),Multilingual Interpreters and Translators,posted,2026-07-08T23:46:52.943730,354
ba3663220e189f32,https://ni.linkedin.com/jobs/view/motorista-de-equipo-liviano-at-grupo-q-4437112928,Motorista de Equipo Liviano,,scraped,2026-07-08T23:46:57.470996,
7c920818161ecaaf,https://ni.linkedin.com/jobs/view/coordinador-a-de-fortalecimiento-familiar-at-aldeas-infantiles-sos-nicaragua-4437492713,Coordinador/a de Fortalecimiento Familiar,,scraped,2026-07-08T23:47:06.798308,
09ca1ed90a0b8563,https://ni.linkedin.com/jobs/view/managing-director-the-agency-managua-at-the-agency-nicaragua-4436819608,Managing Director - The Agency Managua,,scraped,2026-07-08T23:47:17.729064,
23eb34ec7cde4652,https://ni.linkedin.com/jobs/view/agente-aduanero-at-dhl-express-4434972057,Agente Aduanero,DHL Express,posted,2026-07-08T23:47:47.711792,356
9b7ac1c102fc0ed6,https://ni.linkedin.com/jobs/view/itech-support-engineer-l3-at-blue-sky-solutions-4438239415,ITech Support Engineer (L3),,scraped,2026-07-08T23:47:56.241965,
e6345a9fe2e15791,https://ni.linkedin.com/jobs/view/jr-sourcing-specialist-at-cargill-4426850682,Jr. Sourcing Specialist,Cargill,posted,2026-07-08T23:48:18.985138,358
4f71db3841cbf451,https://ni.linkedin.com/jobs/view/coordinador-retail-partners-at-dhl-express-4437868738,Coordinador  Retail Partners,DHL Express,posted,2026-07-08T23:48:34.309866,360
c83a4c508ba67093,https://ni.linkedin.com/jobs/view/senior-technical-program-manager-remote-work-at-bairesdev-4437313120,Senior Technical Program Manager - Remote Work,BairesDev,posted,2026-07-08T23:49:07.047966,362
12f940723f4f77d6,https://ni.linkedin.com/jobs/view/mobile-ai-engineer-remote-work-at-bairesdev-4436849850,Mobile AI Engineer - Remote Work,BairesDev,posted,2026-07-08T23:49:15.840715,364
21935d225a79ee95,https://ni.linkedin.com/jobs/view/operario-a-de-despacho-masaya-at-cargill-4434573252,Operario(a) de Despacho - Masaya,Cargill,posted,2026-07-08T23:49:28.972782,366
c289b71c77e7538f,https://ni.linkedin.com/jobs/view/operario-a-de-despacho-masaya-at-cargill-4434580039,Operario(a) de Despacho - Masaya,Cargill,scraped,2026-07-08T23:49:33.134610,
8bf3544b7ef7bf1c,https://ni.linkedin.com/jobs/view/coordinador-a-de-granja-masaya-at-cargill-4434562854,Coordinador(a) de Granja - Masaya,Cargill,posted,2026-07-08T23:49:49.930213,368
80acde5ba1aa5029,https://ni.linkedin.com/jobs/view/cajero-sucursales-managua-at-grupo-lafise-4429709917,Cajero - Sucursales Managua,Grupo LAFISE,posted,2026-07-08T23:50:01.470024,370
5c09e86528802664,https://ni.linkedin.com/jobs/view/cajero-sucursal-matagalpa-at-grupo-lafise-4437842071,Cajero - Sucursal Matagalpa,Grupo LAFISE,posted,2026-07-08T23:50:28.591949,372
329e270c4cada39c,https://ni.linkedin.com/jobs/view/oficial-de-call-center-at-grupo-lafise-4436430308,Oficial de Call Center,Grupo LAFISE,posted,2026-07-08T23:50:40.220174,374
d476145f345df499,https://ni.linkedin.com/jobs/view/perito-agricola-at-grupo-lafise-4436143120,Perito Agricola,Grupo LAFISE,posted,2026-07-08T23:50:51.114507,376
219885898201149c,https://ni.linkedin.com/jobs/view/supervisor-empaque-at-gildan-4416973114,Supervisor - Empaque,,scraped,2026-07-08T23:50:53.752023,
772ab80f7ed93ae4,https://ni.linkedin.com/jobs/view/supervisor-de-distribucion-y-almacen-managua-at-cargill-4434571514,Supervisor de Distribucion y Almacen( Managua),Cargill,posted,2026-07-08T23:51:08.259209,378
60f7e53ee3ad5f78,https://ni.linkedin.com/jobs/view/t%C3%A9cnico-mec%C3%A1nico-masaya-at-cargill-4434572561,Técnico Mecánico - Masaya,Cargill,posted,2026-07-08T23:51:19.583261,380
99c01926167271f6,https://ni.linkedin.com/jobs/view/qa-automation-engineer-node-js-distributed-systems-at-applaudo-4436130728,QA Automation Engineer (Node.js & Distributed Systems),,scraped,2026-07-08T23:51:22.171070,
8f696523fecc72b8,https://ni.linkedin.com/jobs/view/deal-desk-associate-at-remote-4438264690,Deal Desk Associate,Remote,posted,2026-07-08T23:51:42.071761,382
43f21c5301b3b381,https://ni.linkedin.com/jobs/view/freelance-interpreters-at-languageconnex-4438267894,Freelance Interpreters,LanguageConnex,posted,2026-07-08T23:52:06.821029,384
83deb835407afa40,https://ni.linkedin.com/jobs/view/representante-de-servicio-al-cliente-turno-tarde-noche-at-cargill-4434560841,Representante de Servicio al Cliente- Turno tarde/noche,Cargill,posted,2026-07-08T23:52:30.812152,386
9b05e726258ef442,https://ni.linkedin.com/jobs/view/lien-negotiator-at-hirehawk-4438274182,Lien Negotiator,HireHawk,posted,2026-07-08T23:52:44.669892,388
b0e633c2ecf8ac31,https://ni.linkedin.com/jobs/view/fullstack-developer-senior-python-django-%2B-react-remote-latin-america-at-bluelight-4437871127,"Fullstack Developer (Senior) - Python (Django) + React - Remote, Latin America",Bluelight,posted,2026-07-08T23:52:51.385462,144
c346f716b8db5431,https://ni.linkedin.com/jobs/view/senior-azure-cloud-engineer-at-applaudo-4438252493,Senior Azure Cloud Engineer,,scraped,2026-07-08T23:52:57.963722,
aadb344c96ef1233,https://ni.linkedin.com/jobs/view/t%C3%A9cnico-mec%C3%A1nico-masaya-at-cargill-4434566771,Técnico Mecánico - Masaya,Cargill,posted,2026-07-08T23:53:12.109752,390
a45cbd47fcb670c8,https://ni.linkedin.com/jobs/view/senior-azure-cloud-engineer-at-applaudo-4438259295,Senior Azure Cloud Engineer,,scraped,2026-07-08T23:53:20.753252,
54c5341f6de8c92c,https://ni.linkedin.com/jobs/view/social-media-marketing-specialist-at-amaze-4437318808,Social Media Marketing Specialist,Amaze,posted,2026-07-09T11:25:53.946065,392
e45223429573d6c4,https://ni.linkedin.com/jobs/view/criminal-defense-legal-assistant-at-horizon-premier-staffing-4438278799,Criminal Defense Legal Assistant,,scraped,2026-07-09T11:25:58.571312,
bbf1306e1447fd7e,https://ni.linkedin.com/jobs/view/analista-de-datos-at-ficohsa-banco-ni-4437312287,Analista de datos,,scraped,2026-07-09T11:26:20.268941,
8933ffc7650c2bb5,https://ni.linkedin.com/jobs/view/casetero-a-le%C3%B3n-at-cargill-4429568240,Casetero(a) - León,Cargill,posted,2026-07-09T11:27:18.846249,394
f40ea235307ba1ea,https://ni.linkedin.com/jobs/view/young-professional-%E2%80%93-learning-development-remote-work-at-bairesdev-4436594516,Young Professional – Learning & Development - Remote Work,BairesDev,posted,2026-07-09T11:27:28.762519,396
32be6ba08e481234,https://ni.linkedin.com/jobs/view/edec%C3%A1n-sucursales-managua-at-grupo-lafise-4437837283,Edecán - Sucursales Managua,Grupo LAFISE,posted,2026-07-09T11:28:34.743111,398
fa8293a8bcaca256,https://ni.linkedin.com/jobs/view/jefe-de-relaciones-laborales-at-empresa-confidencial-4438141615,Jefe de Relaciones Laborales,Empresa Confidencial,posted,2026-07-09T11:28:45.587817,400
b270ab0659ea20a5,https://ni.linkedin.com/jobs/view/especialista-de-transformacion-10058-49004-at-grupo-ficohsa-hn-4438110410,ESPECIALISTA DE TRANSFORMACION (10058) - 49004,Grupo Ficohsa HN,posted,2026-07-09T11:29:03.549713,402
ebee0842de6ac41f,https://ni.linkedin.com/jobs/view/operador-a-iqf-congelados-%C2%BF-masaya-1-at-cargill-4434574210,Operador (a) IQF (Congelados(¿) - Masaya) 1,Cargill,posted,2026-07-09T11:29:09.074306,54
29468dad79ed1700,https://ni.linkedin.com/jobs/view/operations-manager-at-ibex-4433112581,Operations Manager,ibex,posted,2026-07-09T11:29:28.468962,404
9fa2bc0be8c2f47c,https://ni.linkedin.com/jobs/view/spanish-bilingual-customer-service-specialist-at-talentpop-app-4434884397,Spanish Bilingual Customer Service Specialist,TalentPop App,posted,2026-07-09T11:29:43.611243,332
b35ac6caf193e16f,https://ni.linkedin.com/jobs/view/spanish-bilingual-customer-service-specialist-at-talentpop-app-4434890319,Spanish Bilingual Customer Service Specialist,TalentPop App,posted,2026-07-09T11:29:59.062994,332
e114d8111030f782,https://ni.linkedin.com/jobs/view/especialista-en-dise%C3%B1o-y-redes-sociales-at-confidential-4438545011,Especialista en Diseño y Redes Sociales,Confidential,posted,2026-07-09T11:30:11.162502,406
4f5cb92348d98e27,https://ni.linkedin.com/jobs/view/asesora-de-ventas-internas-at-comedsa-4438251097,Asesora de ventas internas,COMEDSA,posted,2026-07-09T11:30:52.114820,408
4931cdda44a8fa76,https://ni.linkedin.com/jobs/view/senior-security-data-scientist-python-remote-work-at-bairesdev-4437399871,Senior Security Data Scientist (Python) - Remote Work,BairesDev,posted,2026-07-09T11:31:20.662757,410
19be505ec7344c1d,https://ni.linkedin.com/jobs/view/product-security-engineer-remote-work-at-bairesdev-4437075058,Product Security Engineer - Remote Work,BairesDev,posted,2026-07-09T11:31:30.851981,412
c76a60ae20adfa60,https://ni.linkedin.com/jobs/view/agente-de-televentas-at-cargill-4423693134,Agente de Televentas,Cargill,posted,2026-07-09T11:31:44.035253,294
